{"cameraMode":{"drawMode":0,"name":"Shaded","section":"Shading Mode"},"sceneLighting":true,"audioPlay":false,"sceneViewState":{"m_AlwaysRefresh":false,"showFog":true,"showSkybox":true,"showFlares":true,"showImageEffects":true,"showParticleSystems":true,"showVisualEffectGraphs":true,"m_FxEnabled":true},"in2DMode":false,"pivot":{"x":-2.4747560024261476,"y":40.574703216552737,"z":-10.09312915802002},"rotation":{"x":-0.5168197154998779,"y":0.14662708342075349,"z":-0.09036172181367874,"w":-0.8386005163192749},"size":1.2247449159622193,"orthographic":false}