{"cameraMode":{"drawMode":0,"name":"Shaded","section":"Shading Mode"},"sceneLighting":true,"audioPlay":false,"sceneViewState":{"m_AlwaysRefresh":false,"showFog":true,"showSkybox":true,"showFlares":true,"showImageEffects":true,"showParticleSystems":true,"showVisualEffectGraphs":true,"m_FxEnabled":true},"in2DMode":false,"pivot":{"x":-2.419118881225586,"y":40.686405181884769,"z":-9.868858337402344},"rotation":{"x":-0.48082441091537478,"y":0.10784686356782913,"z":-0.05973019823431969,"w":-0.8681169748306274},"size":1.2247449159622193,"orthographic":false}